
-- ASSISTANT

INSERT INTO assistant (ASSISTANT_ID, ASST_NAME,RESERVED_IND,ACTV_IND,REC_ADD_DTTM) VALUES (1, 'SP_1','N','Y',now());
INSERT INTO assistant (ASSISTANT_ID, ASST_NAME,RESERVED_IND,ACTV_IND,REC_ADD_DTTM) VALUES (2, 'SP_2','N','Y',now());
INSERT INTO assistant (ASSISTANT_ID, ASST_NAME,RESERVED_IND,ACTV_IND,REC_ADD_DTTM) VALUES (3, 'SP_3','N','Y',now());
INSERT INTO assistant (ASSISTANT_ID, ASST_NAME,RESERVED_IND,ACTV_IND,REC_ADD_DTTM) VALUES (4, 'SP_4','N','Y',now());
INSERT INTO assistant (ASSISTANT_ID, ASST_NAME,RESERVED_IND,ACTV_IND,REC_ADD_DTTM) VALUES (5, 'SP_5','N','Y',now());
INSERT INTO assistant (ASSISTANT_ID, ASST_NAME,RESERVED_IND,ACTV_IND,REC_ADD_DTTM) VALUES (6, 'SP_6','N','Y',now());

INSERT INTO assistant (ASSISTANT_ID, ASST_NAME,RESERVED_IND,ACTV_IND,REC_ADD_DTTM) VALUES (7, 'SP_7','N','Y',now());

INSERT INTO assistant (ASSISTANT_ID, ASST_NAME,RESERVED_IND,ACTV_IND,REC_ADD_DTTM) VALUES (8, 'SP_8','N','Y',now());
INSERT INTO assistant (ASSISTANT_ID, ASST_NAME,RESERVED_IND,ACTV_IND,REC_ADD_DTTM) VALUES (9, 'SP_9','N','Y',now());

INSERT INTO assistant (ASSISTANT_ID, ASST_NAME,RESERVED_IND,ACTV_IND,REC_ADD_DTTM) VALUES (10, 'SP_10','N','Y',now());

INSERT INTO assistant (ASSISTANT_ID, ASST_NAME,RESERVED_IND,ACTV_IND,REC_ADD_DTTM) VALUES (11, 'SP_11','N','Y',now());

INSERT INTO assistant (ASSISTANT_ID, ASST_NAME,RESERVED_IND,ACTV_IND,REC_ADD_DTTM) VALUES (12, 'SP_12','N','Y',now());

-- Inactive

INSERT INTO assistant (ASSISTANT_ID, ASST_NAME,RESERVED_IND,ACTV_IND,REC_ADD_DTTM) VALUES (13, 'SP_13','N','N',now());

-- Reserved

INSERT INTO assistant (ASSISTANT_ID, ASST_NAME,RESERVED_IND,ACTV_IND,REC_ADD_DTTM) VALUES (14, 'SP_14','Y','Y',now());

INSERT INTO assistant (ASSISTANT_ID, ASST_NAME,RESERVED_IND,ACTV_IND,REC_ADD_DTTM) VALUES (15, 'SP_15','N','Y',now());

INSERT INTO assistant (ASSISTANT_ID, ASST_NAME,RESERVED_IND,ACTV_IND,REC_ADD_DTTM) VALUES (16, 'SP_16','N','Y',now());

INSERT INTO assistant (ASSISTANT_ID, ASST_NAME,RESERVED_IND,ACTV_IND,REC_ADD_DTTM) VALUES (17, 'SP_17','N','Y',now());

INSERT INTO assistant (ASSISTANT_ID, ASST_NAME,RESERVED_IND,ACTV_IND,REC_ADD_DTTM) VALUES (18, 'SP_18','N','Y',now());

INSERT INTO assistant (ASSISTANT_ID, ASST_NAME,RESERVED_IND,ACTV_IND,REC_ADD_DTTM) VALUES (19, 'SP_19','N','Y',now());


INSERT INTO assistant (ASSISTANT_ID, ASST_NAME,RESERVED_IND,ACTV_IND,REC_ADD_DTTM) VALUES (20, 'SP_20','N','Y',now());




-- CUSTOMER
INSERT INTO customer (CUST_ID,EMAIL,CITY,STATE,COUNTRY,REC_ADD_DTTM) VALUES (111,'cust1@yahoo.com','Novi','MI','US',now());
INSERT INTO customer (CUST_ID,EMAIL,CITY,STATE,COUNTRY,REC_ADD_DTTM) VALUES (222,'cust2@yahoo.com','Brighton','MI','US',now());
INSERT INTO customer (CUST_ID,EMAIL,CITY,STATE,COUNTRY,REC_ADD_DTTM) VALUES (333,'cust3@gmail.com','Lansing','MI','US',now());
INSERT INTO customer (CUST_ID,EMAIL,CITY,STATE,COUNTRY,REC_ADD_DTTM) VALUES (444,'cust4@gmail.com','Toledo','OH','US',now());
INSERT INTO customer (CUST_ID,EMAIL,CITY,STATE,COUNTRY,REC_ADD_DTTM) VALUES (555,'cust5@yahoo.com','Chicago','IL','US',now());



-- ASSISTANT_GEO_LOCATION

INSERT INTO assistant_geo_location (ASSISTANT_LOC_ID, ASSISTANT_ID, LOC_LAT, LOC_LONG,LOC_GEOHASH_TXT,REC_ADD_DTTM) VALUES (1, 1,42.497106,-83.541727,'abc5',now());

INSERT INTO assistant_geo_location (ASSISTANT_LOC_ID, ASSISTANT_ID, LOC_LAT, LOC_LONG,LOC_GEOHASH_TXT,REC_ADD_DTTM) VALUES (2, 2,42.462526,-83.376587,'xyz8',now());


INSERT INTO assistant_geo_location (ASSISTANT_LOC_ID, ASSISTANT_ID, LOC_LAT, LOC_LONG,LOC_GEOHASH_TXT,REC_ADD_DTTM) VALUES (3, 3, 42.48947917637189,-83.50272543783966,'dps9',now());

INSERT INTO assistant_geo_location (ASSISTANT_LOC_ID, ASSISTANT_ID, LOC_LAT, LOC_LONG,LOC_GEOHASH_TXT,REC_ADD_DTTM) VALUES (4, 4, 42.52773000820324,-83.51436493630912,'dps9',now());


INSERT INTO assistant_geo_location (ASSISTANT_LOC_ID, ASSISTANT_ID, LOC_LAT, LOC_LONG,LOC_GEOHASH_TXT,REC_ADD_DTTM) VALUES (5, 5, 42.48424871262748,-83.65093857787365,'dps9',now());


INSERT INTO assistant_geo_location (ASSISTANT_LOC_ID, ASSISTANT_ID, LOC_LAT, LOC_LONG,LOC_GEOHASH_TXT,REC_ADD_DTTM) VALUES (6, 6, 42.53895412393762,-83.44356050052916,'dps9',now());

INSERT INTO assistant_geo_location (ASSISTANT_LOC_ID, ASSISTANT_ID, LOC_LAT, LOC_LONG,LOC_GEOHASH_TXT,REC_ADD_DTTM) VALUES (7, 7, 42.42250290729427,-83.4292314171096,'dps9',now());

INSERT INTO assistant_geo_location (ASSISTANT_LOC_ID, ASSISTANT_ID, LOC_LAT, LOC_LONG,LOC_GEOHASH_TXT,REC_ADD_DTTM) VALUES (8, 8, 42.52706462027594,-83.358343531527,'dps9',now());



INSERT INTO assistant_geo_location (ASSISTANT_LOC_ID, ASSISTANT_ID, LOC_LAT, LOC_LONG,LOC_GEOHASH_TXT,REC_ADD_DTTM) VALUES (9, 9, 42.50830457687558,-83.76105947986986,'dps3',now());

INSERT INTO assistant_geo_location (ASSISTANT_LOC_ID, ASSISTANT_ID, LOC_LAT, LOC_LONG,LOC_GEOHASH_TXT,REC_ADD_DTTM) VALUES (10,10, 42.520465418698635,-83.1913477061564,'dpsc',now());

INSERT INTO assistant_geo_location (ASSISTANT_LOC_ID, ASSISTANT_ID, LOC_LAT, LOC_LONG,LOC_GEOHASH_TXT,REC_ADD_DTTM) VALUES (11, 11, 42.6457439170645, -83.21502015600572,'dpsf',now());

INSERT INTO assistant_geo_location (ASSISTANT_LOC_ID, ASSISTANT_ID, LOC_LAT, LOC_LONG,LOC_GEOHASH_TXT,REC_ADD_DTTM) VALUES (12, 12, 42.32934423456091, -83.03975783826994,'dpsb',now());


INSERT INTO assistant_geo_location (ASSISTANT_LOC_ID, ASSISTANT_ID, LOC_LAT, LOC_LONG,LOC_GEOHASH_TXT,REC_ADD_DTTM) VALUES (13, 13, 42.42250290729427,-83.4292314171096,'dps9',now());

INSERT INTO assistant_geo_location (ASSISTANT_LOC_ID, ASSISTANT_ID, LOC_LAT, LOC_LONG,LOC_GEOHASH_TXT,REC_ADD_DTTM) VALUES (14, 14, 42.52706462027594,-83.358343531527,'dps9',now());


INSERT INTO assistant_geo_location (ASSISTANT_LOC_ID, ASSISTANT_ID, LOC_LAT, LOC_LONG,LOC_GEOHASH_TXT,REC_ADD_DTTM) VALUES (15, 15, 41.481495,-87.692472,'dp3e',now());
INSERT INTO assistant_geo_location (ASSISTANT_LOC_ID, ASSISTANT_ID, LOC_LAT, LOC_LONG,LOC_GEOHASH_TXT,REC_ADD_DTTM) VALUES (16,16, 41.523955,-81.44661,'dpqh',now());
INSERT INTO assistant_geo_location (ASSISTANT_LOC_ID, ASSISTANT_ID, LOC_LAT, LOC_LONG,LOC_GEOHASH_TXT,REC_ADD_DTTM) VALUES (17, 17, 41.107011,-74.025184,'dr73',now());
INSERT INTO assistant_geo_location (ASSISTANT_LOC_ID, ASSISTANT_ID, LOC_LAT, LOC_LONG,LOC_GEOHASH_TXT,REC_ADD_DTTM) VALUES (18, 18, 39.15749,-78.156239,'dqbq',now());
INSERT INTO assistant_geo_location (ASSISTANT_LOC_ID, ASSISTANT_ID, LOC_LAT, LOC_LONG,LOC_GEOHASH_TXT,REC_ADD_DTTM) VALUES (19, 19, 33.171779,-96.836942,'9vgh',now());
INSERT INTO assistant_geo_location (ASSISTANT_LOC_ID, ASSISTANT_ID, LOC_LAT, LOC_LONG,LOC_GEOHASH_TXT,REC_ADD_DTTM) VALUES (20, 20, 37.770314,-122.410924,'9q8y',now());
